{
  "lastModif": "20240221_224511",
  "pVal": {
    "D1": 160,
    "D2": 120,
    "D3": 148,
    "H1": 100,
    "H2": 220,
    "E1": 2,
    "E2": 2,
    "N1": 32,
    "D5": 1.15625,
    "L1": 2.578125,
    "D4": 25,
    "H3": 25,
    "H4": 50,
    "L2": 1.25,
    "E3": 1.25
  },
  "comment": ""
}